{
	"pattrstorage" : 	{
		"name" : "global_params",
		"slots" : 		{
			"1" : 			{
				"id" : 1,
				"data" : 				{
					"antialiased_gain" : [ -70.0 ],
					"cut_freq" : [ 100.0 ],
					"filter_1" : [ 1, 0, 1, 1, 0, 0, 187.640213012695312, 4.564622402191162, 2.409914255142212 ],
					"filter_1_mode" : [ 1 ],
					"fixed_frequency" : [ 500.0 ],
					"freq_kslider" : [ 64 ],
					"frequency_source" : [ 1.0 ],
					"hiband_gain" : [ -13.0 ],
					"hiband_pitch_shift[1]" : [ 0.15 ],
					"kbd_center_frequency" : [ 19782.0 ],
					"kbd_center_frequency[1]" : [ 200.0 ],
					"lfo_rate" : [ 0.25 ],
					"live.dial" : [ 168.503937007873816 ],
					"live.text" : [ 0.0 ],
					"live.text[1]" : [ 0.0 ],
					"loband_gain" : [ -2.800000000000001 ],
					"master-gain" : [ -22.885826771653541 ],
					"modulation_range" : [ 0.087883 ],
					"live.text[2]" : [  ]
				}

			}
,
			"2" : 			{
				"id" : 2,
				"data" : 				{
					"antialiased_gain" : [ -70.0 ],
					"cut_freq" : [ 1270.0 ],
					"filter_1" : [ 1, 0, 1, 1, 0, 0, 187.640213012695312, 4.564622402191162, 2.409914255142212 ],
					"filter_1_mode" : [ 1 ],
					"fixed_frequency" : [ 500.0 ],
					"freq_kslider" : [ 64 ],
					"frequency_source" : [ 1.0 ],
					"hiband_gain" : [ -6.6 ],
					"hiband_pitch_shift[1]" : [ 0.3 ],
					"kbd_center_frequency" : [ 19782.0 ],
					"kbd_center_frequency[1]" : [ 200.0 ],
					"lfo_rate" : [ 4.0 ],
					"live.dial" : [ 168.503937007873816 ],
					"live.text" : [ 0.0 ],
					"live.text[1]" : [ 0.0 ],
					"loband_gain" : [ -7.0 ],
					"master-gain" : [ -17.042063820969751 ],
					"modulation_range" : [ 0.239377 ],
					"live.text[2]" : [  ]
				}

			}
,
			"3" : 			{
				"id" : 3,
				"data" : 				{
					"antialiased_gain" : [ -70.0 ],
					"cut_freq" : [ 306.0 ],
					"filter_1" : [ 1, 0, 1, 1, 0, 0, 226.479995727539062, 4.009099960327148, 2.401400089263916 ],
					"filter_1_mode" : [ 1 ],
					"fixed_frequency" : [ 500.0 ],
					"freq_kslider" : [ 104 ],
					"frequency_source" : [ 1.0 ],
					"hiband_gain" : [ -0.9 ],
					"hiband_pitch_shift[1]" : [ 1.0 ],
					"kbd_center_frequency" : [ 22032.0 ],
					"kbd_center_frequency[1]" : [ 500.0 ],
					"lfo_rate" : [ 0.282768 ],
					"live.dial" : [ 168.503936767578125 ],
					"live.text" : [ 0.0 ],
					"live.text[1]" : [ 0.0 ],
					"loband_gain" : [ -13.0 ],
					"master-gain" : [ -42.0 ],
					"modulation_range" : [ 0.120464 ],
					"live.text[2]" : [  ]
				}

			}
,
			"4" : 			{
				"id" : 4,
				"data" : 				{
					"antialiased_gain" : [ -70.0 ],
					"cut_freq" : [ 439.9212646484375 ],
					"filter_1" : [ 1, 0, 1, 1, 0, 0, 247.324081420898438, 3.912601470947266, 3.411643743515015 ],
					"filter_1_mode" : [ 1 ],
					"fixed_frequency" : [ 17669.291015625 ],
					"freq_kslider" : [ 76 ],
					"frequency_source" : [ 0.0 ],
					"hiband_gain" : [ -1.590551137924194 ],
					"hiband_pitch_shift[1]" : [ 0.208110243082047 ],
					"kbd_center_frequency" : [ 19934.771484375 ],
					"kbd_center_frequency[1]" : [ 410.2362060546875 ],
					"lfo_rate" : [ 0.214094489812851 ],
					"live.dial" : [ 168.503936767578125 ],
					"live.text" : [ 0.0 ],
					"live.text[1]" : [ 0.0 ],
					"loband_gain" : [ -3.781102180480957 ],
					"master-gain" : [ -17.325631993369278 ],
					"modulation_range" : [ 0.152542307972908 ],
					"live.text[2]" : [  ]
				}

			}
,
			"8" : 			{
				"id" : 8,
				"data" : 				{
					"antialiased_gain" : [ -70.0 ],
					"cut_freq" : [ 330.0 ],
					"filter_1" : [ 1, 0, 1, 1, 0, 0, 1357.66259765625, 2.650974750518799, 3.411643743515015 ],
					"filter_1_mode" : [ 1 ],
					"fixed_frequency" : [ 17669.291015625 ],
					"freq_kslider" : [ 76 ],
					"frequency_source" : [ 0.0 ],
					"hiband_gain" : [ -1.590551137924194 ],
					"hiband_pitch_shift[1]" : [ 0.5 ],
					"kbd_center_frequency" : [ 15000.0 ],
					"kbd_center_frequency[1]" : [ 200.0 ],
					"lfo_rate" : [ 1.0 ],
					"live.dial" : [ 168.503936767578125 ],
					"live.text" : [ 0.0 ],
					"live.text[1]" : [ 0.0 ],
					"loband_gain" : [ -3.781102180480957 ],
					"master-gain" : [ -3.554082055532547 ],
					"modulation_range" : [ 0.25 ],
					"live.text[2]" : [ 0.0 ]
				}

			}

		}

	}

}
