{
	"pattrstorage" : 	{
		"name" : "global_params",
		"slots" : 		{
			"1" : 			{
				"id" : 1,
				"data" : 				{
					"antialiased_gain" : [ -70.0 ],
					"cut_freq" : [ 100.0 ],
					"filter_1" : [ 1, 0, 1, 1, 0, 0, 187.640213012695312, 4.564622402191162, 2.409914255142212 ],
					"filter_1_mode" : [ 1 ],
					"fixed_frequency" : [ 500.0 ],
					"freq_kslider" : [ 64 ],
					"frequency_source" : [ 1.0 ],
					"hiband_gain" : [ -13.0 ],
					"hiband_pitch_shift[1]" : [ 0.15 ],
					"kbd_center_frequency" : [ 19782.0 ],
					"kbd_center_frequency[1]" : [ 200.0 ],
					"lfo_rate" : [ 0.25 ],
					"live.dial" : [ 168.503937007873816 ],
					"live.text" : [ 0.0 ],
					"live.text[1]" : [ 0.0 ],
					"live.text[2]" : [  ],
					"loband_gain" : [ -2.800000000000001 ],
					"master-gain" : [ -22.885826771653541 ],
					"modulation_range" : [ 0.087883 ]
				}

			}
,
			"2" : 			{
				"id" : 2,
				"data" : 				{
					"antialiased_gain" : [ -70.0 ],
					"cut_freq" : [ 1270.0 ],
					"filter_1" : [ 1, 0, 1, 1, 0, 0, 187.640213012695312, 4.564622402191162, 2.409914255142212 ],
					"filter_1_mode" : [ 1 ],
					"fixed_frequency" : [ 500.0 ],
					"freq_kslider" : [ 64 ],
					"frequency_source" : [ 1.0 ],
					"hiband_gain" : [ -6.6 ],
					"hiband_pitch_shift[1]" : [ 0.3 ],
					"kbd_center_frequency" : [ 19782.0 ],
					"kbd_center_frequency[1]" : [ 200.0 ],
					"lfo_rate" : [ 4.0 ],
					"live.dial" : [ 168.503937007873816 ],
					"live.text" : [ 0.0 ],
					"live.text[1]" : [ 0.0 ],
					"live.text[2]" : [  ],
					"loband_gain" : [ -7.0 ],
					"master-gain" : [ -17.042063820969751 ],
					"modulation_range" : [ 0.239377 ]
				}

			}
,
			"3" : 			{
				"id" : 3,
				"data" : 				{
					"antialiased_gain" : [ -70.0 ],
					"cut_freq" : [ 306.0 ],
					"filter_1" : [ 1, 0, 1, 1, 0, 0, 226.479995727539062, 4.009099960327148, 2.401400089263916 ],
					"filter_1_mode" : [ 1 ],
					"fixed_frequency" : [ 500.0 ],
					"freq_kslider" : [ 104 ],
					"frequency_source" : [ 1.0 ],
					"hiband_gain" : [ -0.9 ],
					"hiband_pitch_shift[1]" : [ 1.0 ],
					"kbd_center_frequency" : [ 22032.0 ],
					"kbd_center_frequency[1]" : [ 500.0 ],
					"lfo_rate" : [ 0.282768 ],
					"live.dial" : [ 168.503936767578125 ],
					"live.text" : [ 0.0 ],
					"live.text[1]" : [ 0.0 ],
					"live.text[2]" : [  ],
					"loband_gain" : [ -13.0 ],
					"master-gain" : [ -42.0 ],
					"modulation_range" : [ 0.120464 ]
				}

			}
,
			"4" : 			{
				"id" : 4,
				"data" : 				{
					"antialiased_gain" : [ -70.0 ],
					"cut_freq" : [ 439.9212646484375 ],
					"filter_1" : [ 1, 0, 1, 1, 0, 0, 247.324081420898438, 3.912601470947266, 3.411643743515015 ],
					"filter_1_mode" : [ 1 ],
					"fixed_frequency" : [ 17669.291015625 ],
					"freq_kslider" : [ 76 ],
					"frequency_source" : [ 0.0 ],
					"hiband_gain" : [ -1.590551137924194 ],
					"hiband_pitch_shift[1]" : [ 0.208110243082047 ],
					"kbd_center_frequency" : [ 19934.771484375 ],
					"kbd_center_frequency[1]" : [ 410.2362060546875 ],
					"lfo_rate" : [ 0.214094489812851 ],
					"live.dial" : [ 168.503936767578125 ],
					"live.text" : [ 0.0 ],
					"live.text[1]" : [ 0.0 ],
					"live.text[2]" : [  ],
					"loband_gain" : [ -3.781102180480957 ],
					"master-gain" : [ -17.325631993369278 ],
					"modulation_range" : [ 0.152542307972908 ]
				}

			}
,
			"5" : 			{
				"id" : 5,
				"data" : 				{
					"antialiased_gain" : [ -70.0 ],
					"cut_freq" : [ 306.0 ],
					"filter_1" : [ 1, 0, 1, 1, 0, 0, 226.479995727539062, 4.009099960327148, 2.401400089263916 ],
					"filter_1_mode" : [ 1 ],
					"fixed_frequency" : [ 500.0 ],
					"freq_kslider" : [ 60 ],
					"frequency_source" : [ 1.0 ],
					"hiband_gain" : [ -0.9 ],
					"hiband_pitch_shift[1]" : [ 1.0 ],
					"kbd_center_frequency" : [ 22032.0 ],
					"kbd_center_frequency[1]" : [ 500.0 ],
					"lfo_rate" : [ 0.282768 ],
					"live.dial" : [ 168.503936767578125 ],
					"live.text" : [ 0.0 ],
					"live.text[1]" : [ 0.0 ],
					"live.text[2]" : [  ],
					"loband_gain" : [ -13.0 ],
					"master-gain" : [ -3.228864484044792 ],
					"modulation_range" : [ 0.120464 ]
				}

			}
,
			"6" : 			{
				"id" : 6,
				"data" : 				{
					"antialiased_gain" : [ -70.0 ],
					"cut_freq" : [ 306.0 ],
					"filter_1" : [ 1, 0, 1, 1, 0, 0, 226.479995727539062, 4.009099960327148, 2.401400089263916 ],
					"filter_1_mode" : [ 1 ],
					"fixed_frequency" : [ 500.0 ],
					"freq_kslider" : [ 49 ],
					"frequency_source" : [ 1.0 ],
					"hiband_gain" : [ -0.9 ],
					"hiband_pitch_shift[1]" : [ 1.0 ],
					"kbd_center_frequency" : [ 22032.0 ],
					"kbd_center_frequency[1]" : [ 500.0 ],
					"lfo_rate" : [ 0.282768 ],
					"live.dial" : [ 168.503936767578125 ],
					"live.text" : [ 0.0 ],
					"live.text[1]" : [ 0.0 ],
					"live.text[2]" : [  ],
					"loband_gain" : [ -13.0 ],
					"master-gain" : [ -3.228864484044792 ],
					"modulation_range" : [ 0.120464 ]
				}

			}
,
			"8" : 			{
				"id" : 8,
				"data" : 				{
					"antialiased_gain" : [ -70.0 ],
					"cut_freq" : [ 330.0 ],
					"filter_1" : [ 1, 0, 1, 1, 0, 0, 1357.66259765625, 2.650974750518799, 3.411643743515015 ],
					"filter_1_mode" : [ 1 ],
					"fixed_frequency" : [ 17669.0 ],
					"freq_kslider" : [ 60 ],
					"frequency_source" : [ 1.0 ],
					"hiband_gain" : [ -1.590551137924194 ],
					"hiband_pitch_shift[1]" : [ 0.5 ],
					"kbd_center_frequency" : [ 17669.0 ],
					"kbd_center_frequency[1]" : [ 120.0 ],
					"lfo_rate" : [ 1.0 ],
					"live.dial" : [ 168.503936767578125 ],
					"live.text" : [ 0.0 ],
					"live.text[1]" : [ 0.0 ],
					"live.text[2]" : [ 0.0 ],
					"loband_gain" : [ -3.781102180480957 ],
					"master-gain" : [ -42.514090343970182 ],
					"modulation_range" : [ 0.25 ]
				}

			}
,
			"9" : 			{
				"id" : 9,
				"data" : 				{
					"antialiased_gain" : [ -70.0 ],
					"cut_freq" : [ 329.81103515625 ],
					"filter_1" : [ 1, 0, 1, 1, 0, 0, 1348.755615234375, 2.66166877746582, 3.403688907623291 ],
					"filter_1_mode" : [ 1 ],
					"fixed_frequency" : [ 17534.0 ],
					"freq_kslider" : [ 76 ],
					"frequency_source" : [ 1.0 ],
					"hiband_gain" : [ -1.585113763809204 ],
					"hiband_pitch_shift[1]" : [ 0.503937005996704 ],
					"kbd_center_frequency" : [ 17000.0 ],
					"kbd_center_frequency[1]" : [ 33.375 ],
					"lfo_rate" : [ 0.994352519512176 ],
					"live.dial" : [ 168.503936767578125 ],
					"live.text" : [ 0.0 ],
					"live.text[1]" : [ 0.0 ],
					"live.text[2]" : [ 0.0 ],
					"loband_gain" : [ -3.853692054748535 ],
					"master-gain" : [ -42.514090343970182 ],
					"modulation_range" : [ 0.248980030417442 ]
				}

			}
,
			"10" : 			{
				"id" : 10,
				"data" : 				{
					"antialiased_gain" : [ -70.0 ],
					"cut_freq" : [ 511.0 ],
					"filter_1" : [ 1, 0, 9, 1, 0, 0, 151.265304565429688, 1.755529880523682, 2.921737909317017 ],
					"filter_1_mode" : [ 9 ],
					"fixed_frequency" : [ 17649.865234375 ],
					"freq_kslider" : [ 62 ],
					"frequency_source" : [ 1.0 ],
					"hiband_gain" : [ -11.986849581946586 ],
					"hiband_pitch_shift[1]" : [ 0.0675 ],
					"kbd_center_frequency" : [ 17574.181640625 ],
					"kbd_center_frequency[1]" : [ 107.722442626953125 ],
					"lfo_rate" : [ 0.092856495653551 ],
					"live.dial" : [ 168.503936767578125 ],
					"live.text" : [ 0.0 ],
					"live.text[1]" : [ 0.0 ],
					"live.text[2]" : [ 0.0 ],
					"loband_gain" : [ -3.791390419006348 ],
					"master-gain" : [ -29.06516784086201 ],
					"modulation_range" : [ 0.472886331500112 ]
				}

			}
,
			"11" : 			{
				"id" : 11,
				"data" : 				{
					"antialiased_gain" : [ -70.0 ],
					"cut_freq" : [ 352.0 ],
					"filter_1" : [ 1, 0, 1, 1, 0, 0, 1225.0535888671875, 2.568063735961914, 3.353902816772461 ],
					"filter_1_mode" : [ 1 ],
					"fixed_frequency" : [ 17545.96875 ],
					"freq_kslider" : [ 74 ],
					"frequency_source" : [ 1.0 ],
					"hiband_gain" : [ -2.164948453608261 ],
					"hiband_pitch_shift[1]" : [ 0.3 ],
					"kbd_center_frequency" : [ 17059.314453125 ],