{
	"pattrstorage" : 	{
		"name" : "global_params",
		"slots" : 		{
			"1" : 			{
				"id" : 1,
				"data" : 				{
					"antialiased_gain" : [ -70.0 ],
					"cut_freq" : [ 1240.0 ],
					"filter_1" : [ 1, 0, 1, 1, 0, 0, 187.640213012695312, 4.564622402191162, 2.409914255142212 ],
					"filter_1_mode" : [ 1 ],
					"fixed_frequency" : [ 20000.0 ],
					"freq_kslider" : [ 79 ],
					"frequency_source" : [ 0.0 ],
					"hiband_gain" : [ -70.0 ],
					"hiband_pitch_shift[1]" : [ 0.5 ],
					"kbd_center_frequency" : [ 20000.0 ],
					"kbd_center_frequency[1]" : [ 500.0 ],
					"lfo_rate" : [ 0.25 ],
					"live.dial" : [ 168.503937007873816 ],
					"live.text" : [ 0.0 ],
					"live.text[1]" : [ 0.0 ],
					"loband_gain" : [ 0.0 ],
					"master-gain" : [ -17.460940737670981 ],
					"modulation_range" : [ 0.09 ]
				}

			}
,
			"2" : 			{
				"id" : 2,
				"data" : 				{
					"antialiased_gain" : [ -70.0 ],
					"cut_freq" : [ 600.0 ],
					"filter_1" : [ 1, 0, 1, 1, 0, 0, 187.640213012695312, 4.564622402191162, 2.409914255142212 ],
					"filter_1_mode" : [ 1 ],
					"fixed_frequency" : [ 25000.0 ],
					"freq_kslider" : [ 79 ],
					"frequency_source" : [ 0.0 ],
					"hiband_gain" : [ -1.8 ],
					"hiband_pitch_shift[1]" : [ 0.25 ],
					"kbd_center_frequency" : [ 20000.0 ],
					"kbd_center_frequency[1]" : [ 500.0 ],
					"lfo_rate" : [ 0.25 ],
					"live.dial" : [ 168.503937007873816 ],
					"live.text" : [ 0.0 ],
					"live.text[1]" : [ 0.0 ],
					"loband_gain" : [ -4.2 ],
					"master-gain" : [ -13.311023622047244 ],
					"modulation_range" : [ 0.09 ]
				}

			}
,
			"3" : 			{
				"id" : 3,
				"data" : 				{
					"antialiased_gain" : [ -70.0 ],
					"cut_freq" : [ 1500.0 ],
					"filter_1" : [ 1, 0, 1, 1, 0, 0, 187.640213012695312, 4.564622402191162, 2.409914255142212 ],
					"filter_1_mode" : [ 1 ],
					"fixed_frequency" : [ 10000.0 ],
					"freq_kslider" : [ 79 ],
					"frequency_source" : [ 0.0 ],
					"hiband_gain" : [ 1.5 ],
					"hiband_pitch_shift[1]" : [ 0.5 ],
					"kbd_center_frequency" : [ 20000.0 ],
					"kbd_center_frequency[1]" : [ 500.0 ],
					"lfo_rate" : [ 0.25 ],
					"live.dial" : [ 168.503937007873816 ],
					"live.text" : [ 0.0 ],
					"live.text[1]" : [ 0.0 ],
					"loband_gain" : [ 1.8 ],
					"master-gain" : [ -13.311023622047244 ],
					"modulation_range" : [ 0.087883 ]
				}

			}
,
			"5" : 			{
				"id" : 5,
				"data" : 				{
					"antialiased_gain" : [ -70.0 ],
					"cut_freq" : [ 159.0 ],
					"filter_1" : [ 1, 0, 1, 1, 0, 0, 187.640213012695312, 4.564622402191162, 2.409914255142212 ],
					"filter_1_mode" : [ 1 ],
					"fixed_frequency" : [ 500.0 ],
					"freq_kslider" : [ 79 ],
					"frequency_source" : [ 0.0 ],
					"hiband_gain" : [ -13.0 ],
					"hiband_pitch_shift[1]" : [ 0.15 ],
					"kbd_center_frequency" : [ 20000.0 ],
					"kbd_center_frequency[1]" : [ 500.0 ],
					"lfo_rate" : [ 0.25 ],
					"live.dial" : [ 168.503937007873816 ],
					"live.text" : [ 0.0 ],
					"live.text[1]" : [ 0.0 ],
					"loband_gain" : [ -2.8 ],
					"master-gain" : [ -13.311023622047244 ],
					"modulation_range" : [ 0.087883 ]
				}

			}
,
			"9" : 			{
				"id" : 9,
				"data" : 				{
					"antialiased_gain" : [ -70.0 ],
					"cut_freq" : [ 203.0 ],
					"filter_1" : [ 1, 0, 1, 1, 0, 0, 187.640213012695312, 4.564622402191162, 2.409914255142212 ],
					"filter_1_mode" : [ 1 ],
					"fixed_frequency" : [ 500.0 ],
					"freq_kslider" : [ 71 ],
					"frequency_source" : [ 1.0 ],
					"hiband_gain" : [ -22.0 ],
					"hiband_pitch_shift[1]" : [ 2.2 ],
					"kbd_center_frequency" : [ 19782.0 ],
					"kbd_center_frequency[1]" : [ 200.0 ],
					"lfo_rate" : [ 1.5 ],
					"live.dial" : [ 168.503937007873816 ],
					"live.text" : [ 0.0 ],
					"live.text[1]" : [ 0.0 ],
					"loband_gain" : [ -26.0 ],
					"master-gain" : [ -22.885826771653541 ],
					"modulation_range" : [ 0.238725 ]
				}

			}
,
			"10" : 			{
				"id" : 10,
				"data" : 				{
					"antialiased_gain" : [ -70.0 ],
					"cut_freq" : [ 100.0 ],
					"filter_1" : [ 1, 0, 1, 1, 0, 0, 187.640213012695312, 4.564622402191162, 2.409914255142212 ],
					"filter_1_mode" : [ 1 ],
					"fixed_frequency" : [ 500.0 ],
					"freq_kslider" : [ 64 ],
					"frequency_source" : [ 1.0 ],
					"hiband_gain" : [ -13.0 ],
					"hiband_pitch_shift[1]" : [ 0.15 ],
					"kbd_center_frequency" : [ 19782.0 ],
					"kbd_center_frequency[1]" : [ 200.0 ],
					"lfo_rate" : [ 0.25 ],
					"live.dial" : [ 168.503937007873816 ],
					"live.text" : [ 0.0 ],
					"live.text[1]" : [ 0.0 ],
					"loband_gain" : [ -2.800000000000001 ],
					"master-gain" : [ -22.885826771653541 ],
					"modulation_range" : [ 0.087883 ]
				}

			}
,
			"11" : 			{
				"id" : 11,
				"data" : 				{
					"antialiased_gain" : [ -70.0 ],
					"cut_freq" : [ 500.0 ],
					"filter_1" : [ 1, 0, 1, 1, 0, 0, 187.640213012695312, 4.564622402191162, 2.409914255142212 ],
					"filter_1_mode" : [ 1 ],
					"fixed_frequency" : [ 500.0 ],
					"freq_kslider" : [ 64 ],
					"frequency_source" : [ 1.0 ],
					"hiband_gain" : [ -1.1 ],
					"hiband_pitch_shift[1]" : [ 0.11 ],
					"kbd_center_frequency" : [ 19782.0 ],
					"kbd_center_frequency[1]" : [ 200.0 ],
					"lfo_rate" : [ 0.13 ],
					"live.dial" : [ 168.503937007873816 ],
					"live.text" : [ 0.0 ],
					"live.text[1]" : [ 0.0 ],
					"loband_gain" : [ -2.800000000000001 ],
					"master-gain" : [ -22.885826771653541 ],
					"modulation_range" : [ 0.299023 ]
				}

			}
,
			"12" : 			{
				"id" : 12,
				"data" : 				{
					"antialiased_gain" : [ -70.0 ],
					"cut_freq" : [ 1270.0 ],
					"filter_1" : [ 1, 0, 1, 1, 0, 0, 187.640213012695312, 4.564622402191162, 2.409914255142212 ],
					"filter_1_mode" : [ 1 ],
					"fixed_frequency" : [ 500.0 ],
					"freq_kslider" : [ 64 ],
					"frequency_source" : [ 1.0 ],
					"hiband_gain" : [ -6.6 ],
					"hiband_pitch_shift[1]" : [ 0.3 ],
					"kbd_center_frequency" : [ 19782.0 ],
					"kbd_center_frequency[1]" : [ 200.0 ],
					"lfo_rate" : [ 4.0 ],
					"live.dial" : [ 168.503937007873816 ],
					"live.text" : [ 0.0 ],
					"live.text[1]" : [ 0.0 ],
					"loband_gain" : [ -7.0 ],
					"master-gain" : [ -17.042063820969751 ],
					"modulation_range" : [ 0.239377 ]
				}

			}
,
			"13" : 			{
				"id" : 13,
				"data" : 				{
					"antialiased_gain" : [ -70.0 ],
					"cut_freq" : [ 2333.0 ],
					"filter_1" : [ 1, 0, 1, 1, 0, 0, 280.711029052734375, 2.650974750518799, 2.409914255142212 ],
					"filter_1_mode" : [ 1 ],
					"fixed_frequency" : [ 500.0 ],
					"freq_kslider" : [ 64 ],
					"frequency_source" : [ 1.0 ],
					"hiband_gain" : [ -6.6 ],
					"hiband_pitch_shift[1]" : [ 0.78 ],
					"kbd_center_frequency" : [ 19782.0 ],
					"kbd_center_frequency[1]" : [ 200.0 ],
					"lfo_rate" : [ 2.91 ],
					"live.dial" : [ 168.503937007873816 ],
					"live.text" : [ 0.0 ],
					"live.text[1]" : [ 0.0 ],
					"loband_gain" : [ -7.0 ],
					"master-gain" : [ -17.042063820969751 ],
					"modulation_range" : [ 0.355793 ]
				}

			}
,
			"14" : 			{
				"id" : 14,
				"data" : 				{
					"antialiased_gain" : [ -70.0 ],
					"cut_freq" : [ 1580.0 ],
					"filter_1" : [ 1, 0, 1, 1, 0, 0, 187.639999389648438, 4.564599990844727, 2.409899950027466 ],
					"filter_1_mode" : [ 1 ],
					"fixed_frequency" : [ 17669.0 ],
					"freq_kslider" : [ 71 ],
					"frequency_source" : [ 1.0 ],
					"hiband_gain" : [ -1.2 ],
					"hiband_pitch_shift[1]" : [ 0.25 ],
					"kbd_center_frequency" : [ 19782.0 ],
					"kbd_center_frequency[1]" : [ 200.0 ],
					"lfo_rate" : [ 0.4 ],
					"live.dial" : [ 168.503936767578125 ],
					"live.text" : [ 0.0 ],
					"live.text[1]" : [ 0.0 ],
					"loband_gain" : [ -12.0 ],
					"master-gain" : [ -17.325631993369278 ],
					"modulation_range" : [ 0.401575 ]
				}

			}
,
			"15" : 			{
				"id" : 15,
				"data" : 				{
					"antialiased_gain" : [ -70.0 ],
					"cut_freq" : [ 203.0 ],
					"filter_1" : [ 1, 0, 1, 1, 0, 0, 187.639999389648438, 4.564599990844727, 2.409899950027466 ],
					"filter_1_mode" : [ 1 ],